entactmgt_tpm_project_clean.projectid,entactmgt_tpm_project_clean.orgid,entactmgt_tpm_project_clean.projectname,entactmgt_tpm_project_clean.jddate,entactmgt_tpm_project_clean.picpath,entactmgt_tpm_project_clean.deleteflag,entactmgt_tpm_project_clean.status,entactmgt_tpm_project_clean.partitionid,entactmgt_tpm_project_clean.creator,entactmgt_tpm_project_clean.createtime,entactmgt_tpm_project_clean.modifieduser,entactmgt_tpm_project_clean.modifiedtime,entactmgt_tpm_project_clean.isbudget,entactmgt_tpm_project_clean.plazaid,entactmgt_tpm_project_clean.plazacode,entactmgt_tpm_project_clean.plazatypeid,entactmgt_tpm_project_clean.isopen,entactmgt_tpm_project_clean.opendate,entactmgt_tpm_project_clean.projecttype,entactmgt_tpm_project_clean.isbugetcontrol,entactmgt_tpm_project_clean.ispopularizetransfer,entactmgt_tpm_project_clean.projectcompanyid,entactmgt_tpm_project_clean.plazaassettypeid,entactmgt_tpm_project_clean.citylevelid
ABF749D5-276D-4C97-B936-005D77BA2B81,,南宁江南万达广场,,,false,1,,,,,,true,1001405,NNJN,3,true,2017-06-23 00:00:00.0,,true,false,858163AC-2AE8-4AC2-909A-BC9378BCD501,1,2
FE0ECA27-F9CD-48AB-8E73-01C50345E15C,,惠州大亚湾万达广场,,,false,1,,,,,,true,1001636,HZDYW,3,true,2017-11-24 00:00:00.0,0,true,true,1DF33B35-1720-4A13-9D6E-735055865033,1,3
C8F25080-5BD8-433F-BB0A-01C9E08E5799,,呼市回民区万达广场,,,false,1,,,,,,true,1001525,HSHMQ,4,true,2017-08-25 00:00:00.0,0,true,true,A2557A5E-DB96-4C43-8920-9114EFCD7828,1,2
16F3D6AC-6DC5-4AC3-887C-01DE5D9FF9DC,,吴忠万达广场,,,false,1,,,,,,true,1001814,WZ,4,true,2018-06-15 00:00:00.0,,true,false,,1,
8B4D4485-C4C3-4028-8FD3-01EF5BE362C8,,宜兴万达广场,,,false,1,,,,,,true,1000523,YX,4,true,2013-05-31 00:00:00.0,1,true,true,B8F484BC-7E72-44ED-957F-19326B2D12F9,1,3
FD7A3C12-E08A-4EDF-B69D-020DC1B58B01,,佳木斯万达广场,,,false,1,,,,,,true,1001007,JMS,4,true,2015-09-12 00:00:00.0,1,true,false,8FCA94C4-07D5-4996-B981-E83127F55E23,1,3
F9363219-1783-46DA-8683-036B413848D4,,铜陵万达广场,,,false,1,,,,,,true,1001633,TL,3,true,2017-11-10 00:00:00.0,0,true,false,3AB48584-7AFF-4480-9C3A-BCDB5D67FD3C,1,3
1E3944C1-C84F-45DC-9DBA-03D42E539DC0,,乐山万达广场,,,false,1,,,,,,true,1001126,LS,3,true,2016-09-23 00:00:00.0,0,true,true,19471E12-8070-48CE-BBB7-161E5EDBA9E4,1,3
7C4EDFD3-1F41-467E-A3F6-03DC0006BD3D,,成都锦华路万达广场,,,false,1,,,,,,true,1000284,CDJHL,1,true,2007-12-22 00:00:00.0,1,true,true,5D940A7F-C683-41E0-82F0-C5EE149669B1,1,2
006A0884-D929-490A-919B-04B09C7B47C0,,鹤壁万达广场,,,false,1,,,,,,true,1001804,HBQB,3,true,2018-06-22 00:00:00.0,0,true,false,,1,3
9D82BFE5-1F5B-4C5A-B2EB-0A2904609C4A,,六盘水万达广场,,,false,1,,,,,,true,1001640,LPS,3,true,2017-12-08 00:00:00.0,,true,false,,1,3
617B7CBF-E9B1-4401-9C00-0AADF6EEB40D,,合肥瑶海万达广场,,,false,1,,,,,,true,1001120,HFYH,2,true,2016-09-09 00:00:00.0,0,true,true,8DC981A7-7508-4742-AA68-7F5AFD5D96D5,1,2
2238FD7E-46F7-4DFE-A58A-0AED73C3873D,,石家庄裕华万达广场,,,false,1,,,,,,true,1000269,SJZYH,1,true,2011-09-23 00:00:00.0,1,true,true,E1B5DE68-F135-4A02-9877-E0F8E7203301,1,2
AB96D3F3-5A64-4B2A-899A-0BD4E9F40950,,成都金堂万达广场,,,false,1,,,,,,true,1001638,CDJT,3,true,2017-12-08 00:00:00.0,0,true,true,,1,3
C3BD6582-BAF8-4883-967B-0C5F36771043,,徐州万达广场,,,false,1,,,,,,true,1000624,XZ,2,true,2013-12-06 00:00:00.0,1,true,true,58588460-BAC8-4783-A172-E16230ADB576,1,3
9536CBDD-CB98-40FC-A1E9-0E3E0FE3781E,,柳州城中万达广场,,,false,1,,,,,,true,1001012,LZCZ,2,true,2015-11-27 00:00:00.0,1,true,false,B4CD25B9-ADCD-47B4-A16C-AB66550D9CD9,1,3
161D5B07-CFFF-4835-83B9-0F306762AFCA,,南宁青秀万达广场,,,false,1,,,,,,true,1000771,NN,2,true,2014-12-19 00:00:00.0,1,true,true,F73C6A1F-0761-401A-AC5A-9981D09A360A,1,2
4D07163E-6815-4A03-9765-1013E44242B2,,银川西夏万达广场,,,false,1,,,,,,true,1000704,YCXXWDGC,4,true,2014-07-18 00:00:00.0,1,true,true,1681D5FA-DA74-4AFB-9C7F-3C9AC4FB77F0,1,3
8C20CF55-8C19-45F2-B15B-1074B51DEFFB,,吉林昌邑区万达广场,,,false,1,,,,,,true,1001625,JLCYQ,3,true,2017-09-15 00:00:00.0,0,true,true,DF7E906B-271D-4B8F-A855-0CFB88AD65DB,1,3
D4C30EE0-1E6C-4275-94E6-107527F2C1F7,,芜湖镜湖二期室外街,,,false,1,,,,,,true,,,4,true,2017-09-01 00:00:00.0,,true,false,,1,
1E68BEA1-BCF8-457F-BCAF-11107C4BCA15,,武汉菱角湖万达广场,,,false,1,,,,,,true,1000292,WHLJHWDGC,1,true,2010-12-18 00:00:00.0,1,true,true,61707F29-7886-4D60-AE63-6D3255BDC9B0,1,2
15F2FBEE-0A4E-46A3-8151-126BA23936ED,,南通万达广场,,,false,1,,,,,,true,1001014,NT,2,true,2015-12-11 00:00:00.0,1,true,false,43731293-85CF-4555-8DD5-DEEFD9F9DD5C,1,3
FE095EE6-92BA-4DBE-8235-1328803EAE22,,浙江嘉兴万达广场,,,false,1,,,,,,true,1000884,ZJJX,3,true,2015-06-12 00:00:00.0,1,true,true,ADE56327-C382-44A8-9E77-18FD201CCAD3,1,3
FE555519-E801-4A27-8B9B-1387A6833CE0,,合肥天鹅湖万达广场,,,false,1,,,,,,true,1000363,HFTEH,1,true,2012-07-20 00:00:00.0,1,true,true,7BA8AACE-C6B4-4675-9B02-755716A65D00,1,2
7CA2B98F-4641-4347-A5FD-139A6CD058B4,,成都青羊万达广场,,,false,1,,,,,,true,1001142,CDQY,2,true,2016-12-10 00:00:00.0,,true,false,066883EA-E30C-482F-A858-60CA0DDB9B52,1,2
3F249064-7F1A-4166-B762-13F334FD4D8B,,南昌红谷滩万达广场,,,false,1,,,,,,true,1000384,NCHGT,1,true,2012-08-24 00:00:00.0,1,true,true,0EC2A045-9B40-46EF-A545-8F668C2BD0DF,1,2
9537717E-DFD3-4DA4-94E6-14128D3132BC,,长春重庆路万达广场,,,false,1,,,,,,true,1001065,CCCQL,1,true,2003-01-16 00:00:00.0,0,false,false,,1,2
E98E0A5B-45B7-4D34-AF8E-155B0E96C5A3,,漳州碧湖万达广场,,,false,1,,,,,,true,1000397,ZZBH,2,true,2012-10-26 00:00:00.0,1,true,true,E1E47862-9140-4593-96F3-6F18AF93427E,1,3
08AA23EF-9AB3-44F8-8719-160009000476,,莆田万达广场,,,false,1,,,,,,true,1000393,PT,2,true,2012-12-15 00:00:00.0,1,true,true,08DB2796-5FD9-4F6E-9E8F-9908681ADDC6,1,3
ACD252D8-710B-4866-A61D-16E292FFE1AF,,陕西渭南万达广场,,,false,1,,,,,,true,1000984,SXWN,4,true,2015-08-07 00:00:00.0,1,true,false,CA17397F-D0DA-4490-97C3-EC14BB2FE88A,1,3
C4396FC3-149A-4020-A3D4-172CDB9D8D5A,,扬州邗江万达广场,,,false,1,,,,,,true,1001639,YZ*J,3,true,2017-12-08 00:00:00.0,,true,false,1B99FD29-B665-4C2E-9431-551AA1212593,1,3
B6166DFC-BCAB-41D1-A5D4-174AF97FEA6A,,张家港万达广场,,,false,1,,,,,,true,1001842,ZJG,4,true,2018-12-28 00:00:00.0,,true,false,,1,
99830FDC-5244-4BCC-B1B6-17EF4451D037,,广州新塘万达广场,,,false,1,,,,,,true,1001843,GZXT,4,true,2018-12-28 00:00:00.0,,true,false,,1,
24452D23-7FF7-45DB-94D5-1816DDCAFDE3,,新乡牧野区万达广场,,,false,1,,,,,,true,1001626,XXMYQ,3,true,2017-12-23 00:00:00.0,,true,false,4D07B13E-D5AB-4BA2-919D-BD66899DDEA7,1,3
D96071EA-6765-42A1-9D61-190C35236195,,南宁安吉万达广场,,,false,1,,,,,,true,1000944,NNAJ,3,true,2015-12-05 00:00:00.0,1,true,false,DC237840-2B23-4B04-A388-76084034F55C,1,2
C8433718-AA48-4DE7-A371-194BB2F49BF9,,杭州拱墅万达广场,,,false,1,,,,,,true,1000770,HZGS,2,true,2014-12-12 00:00:00.0,1,true,true,8C016C67-9A6F-4160-A1A1-2237F9466CA0,1,2
A3FA5099-2190-4C58-894A-1A4DA791016C,,厦门集美万达广场,,,false,1,,,,,,true,1000546,XMJM,2,true,2013-06-08 00:00:00.0,1,true,true,9E4744B0-9801-4C10-981F-8A11979C1226,1,2
3C7BF0DE-F23C-43EA-BD1F-1C1A89F9EA93,,咸阳丽彩万达广场,,,false,1,,,,,,true,1001384,XYLC,3,true,2017-01-20 00:00:00.0,0,true,true,,1,3
660A414E-4799-43C6-8129-1C33C4992299,,武汉万达中心,,,false,1,,,,,,true,1001044,WHWD,3,true,2012-01-01 00:00:00.0,,true,false,,1,2
B90BD2CC-6E37-4754-B943-1D86E11F13DE,,眉山万达广场,,,false,1,,,,,,true,1001817,MS,4,true,2018-07-27 00:00:00.0,,true,false,4B131F48-F45D-445A-BE1C-61E038A7050C,1,
310CB3BF-B096-45A1-BC1B-1DF486553003,,济南魏家庄万达广场,,,false,1,,,,,,true,1000263,JNWJZ,2,true,2010-11-19 00:00:00.0,1,true,true,9C7E8EA5-4E84-4D34-9772-93F6892EC573,1,2
EBB2289A-111E-4EFE-91D5-1F7072F60B0B,,滁州万达广场,,,false,1,,,,,,true,1002026,CZ,4,true,2019-12-06 00:00:00.0,,true,false,,,
94F8D29B-F95C-45F4-A311-202308B2B95B,,苏州平江万达广场,,,false,1,,,,,,true,1000296,SZPJ,2,true,2009-09-17 00:00:00.0,1,true,true,590C11FD-6916-4571-A5E6-0AE13A91D8DA,1,2
FAB7A0F2-6D66-495A-AA04-202B24AB8583,,商丘睢阳万达广场,,,false,1,,,,,,true,1001813,SQJY,3,true,2018-07-06 00:00:00.0,0,true,false,15CCFB28-D639-424F-858B-A36DCCADC7C6,1,3
B282FB0E-D60C-4A94-B5C5-20EB60B5A3F2,,朝阳万达广场,,,false,1,,,,,,true,1001140,CY,4,true,2016-11-26 00:00:00.0,0,true,true,E8E39A3A-40E1-49B0-A902-478E2BBD4149,1,3
C672780F-D783-415E-BA16-2136864DC3F4,,丹东万达广场,,,false,1,,,,,,true,1000625,DD,4,true,2013-12-20 00:00:00.0,1,true,true,0D82E4E3-1A87-4A73-8BBE-0C527664735B,1,3
3FB68950-5111-45D1-B19D-213AD91E31F8,,佛山三水万达广场,,,false,1,,,,,,true,1001133,FSSS,4,true,2016-11-18 00:00:00.0,0,true,true,0E533C19-8F40-4487-B0E1-61E35DAEA8EE,1,2
C794A5EF-B70F-43FD-9956-21CF973D99C2,,广州萝岗万达广场,,,false,1,,,,,,true,1000904,GZLG,1,true,2015-07-17 00:00:00.0,1,true,false,1FACB34D-5813-4F79-893F-2E964CBD8F70,1,1
B276CB5F-7C0D-4914-B8AF-2229AF485BF2,,运城万达广场,,,false,1,,,,,,true,1001830,YC,4,true,2018-12-28 00:00:00.0,,true,false,EDC9E240-82DE-47D7-B888-EA4EBAE009F4,1,
96F2D14E-24F7-4340-95B8-227997B2F398,,南昌八一万达广场,,,false,1,,,,,,true,1001064,NCBY,1,true,2003-08-28 00:00:00.0,0,false,false,,1,2
9230C606-55DA-4EBB-9B05-22ED1ABD884D,,焦作万达广场,,,false,1,,,,,,true,1001584,JZ,3,true,2017-06-30 00:00:00.0,,true,false,490B7621-8008-4B86-90D5-AC63D926A5B5,1,3
2B25216E-A6D8-4DE1-8F35-23F4AF568496,,西双版纳万达广场,,,false,1,,,,,,true,1000964,XSBN,4,true,2015-09-26 00:00:00.0,1,true,false,6356593A-FC1C-4E6A-BA99-ECD802E4F155,1,3
4E06256C-3EBD-4A7D-AE41-250F3688A620,,平顶山万达广场,,,false,1,,,,,,true,1001524,PDS,3,true,2017-11-24 00:00:00.0,,true,false,6374C770-EDDA-44BF-A313-4F67E5676881,1,3
6B3067BA-8B12-4AEC-BAE9-253F86139AA3,,宜昌万达广场,,,false,1,,,,,,true,1000298,YC,1,true,2010-11-27 00:00:00.0,1,true,true,AA97B0F7-3C40-426B-A717-A68FE43C9030,1,3
309E229A-6CB4-4905-9539-259473FE7C18,,益阳万达广场,,,false,1,,,,,,true,1001155,YY,3,true,2017-06-23 00:00:00.0,0,true,true,E94D29E7-7864-432B-BE44-4F74886BE246,1,3
FD544799-C229-4E13-8D5C-25BDFA04F723,,曲靖万达广场,,,false,1,,,,,,true,1001630,QJ,3,true,2017-10-27 00:00:00.0,0,true,false,8E289EAC-9661-42C7-88D0-09352AC05A0E,1,3
D82EAA7F-6A92-4D07-8868-276E74EBFD37,,湖州万达广场,,,false,1,,,,,,true,1001149,HZ,4,true,2016-12-29 00:00:00.0,0,true,true,2F0EFFFF-527A-4D2F-97F2-AED0340C6573,1,3
C045FA64-93BB-49C0-BE4A-2AD9A4074190,,郑州中原万达广场,,,false,1,,,,,,true,1000287,ZZZY,1,true,2011-10-28 00:00:00.0,1,true,true,797C18ED-E9E0-4407-A8E9-74B04107BACA,1,2
DC9E2603-593D-42FA-9342-2B0F2EE14BE9,,常德万达广场,,,false,1,,,,,,true,1001124,CD,2,true,2016-09-16 00:00:00.0,0,true,true,858B65C7-9E17-4AAC-B961-13786767B5D7,1,3
D83A8CC3-074D-435F-BF38-2B139CD13119,,天津河东万达广场,,,false,1,,,,,,true,1000275,TJHD,1,true,2010-11-20 00:00:00.0,1,true,true,18918D9C-E3C2-4A10-B69B-0DB16EB7F581,1,2
821EAC32-A9AF-45E3-8CA7-2B36F798700C,,哈尔滨哈西万达广场,,,false,1,,,,,,true,1000583,HEBHX,1,true,2013-09-13 00:00:00.0,1,true,true,6B47D8BD-369A-42F3-9E03-3C0149F3EBCA,1,2
22034B9C-50F0-436C-855E-2BD20CFAEE49,,沈阳奥体万达广场,,,false,1,,,,,,true,1000544,SYAT,3,true,2013-07-26 00:00:00.0,1,true,true,9D48F9AA-D8DB-4C22-A08D-8102FFE3B172,1,2
0290F512-F71B-4055-96D4-2BD4A03456C4,,温州龙湾万达广场,,,false,1,,,,,,true,1000385,WZLW,4,true,2012-11-30 00:00:00.0,1,true,true,40A397E5-0B00-435A-A963-121592858233,1,2
4CB27497-C28D-42C9-86FE-2C66D2A1695F,,绵阳涪城万达广场,,,false,1,,,,,,true,1000394,MYFC,1,true,2012-12-21 00:00:00.0,1,true,true,6AC1D327-741F-45CA-907D-2C8CB34D6887,1,3
CA366EF3-6C1D-4FB2-AE23-2CBF5B94D053,,北海万达广场,,,false,1,,,,,,true,1001364,BH,3,true,2017-05-27 00:00:00.0,0,true,true,5C71FB89-EEAF-4AF1-99D3-D23CC4AE897C,1,3
7806A351-87E1-445F-B820-2CDA61A2B154,,南京建邺万达广场,,,false,1,,,,,,true,1000289,NJJY,1,true,2009-12-18 00:00:00.0,1,true,true,F536B029-5AE4-4AC0-AC10-5E834E900025,1,2
CB34EFD8-4E53-4914-A0DB-2D4960FFCF90,,九江万达广场,,,false,1,,,,,,true,1001504,JJ,3,true,2017-07-08 00:00:00.0,0,true,false,C6044111-7F54-4127-8D11-E8FA96325076,1,3
2F5CDE4A-448B-4C74-8BA2-2D7D4680B31D,,马鞍山万达广场,,,false,1,,,,,,true,1000708,MAS,4,true,2014-09-19 00:00:00.0,1,true,true,731EEB42-777C-429E-B745-E9F3AA6AB518,1,3
DA8B4A33-DAA9-41DD-B5B0-2E662A810701,,衢州万达广场,,,false,1,,,,,,true,1001643,*Z,3,true,2017-12-15 00:00:00.0,0,true,true,B3033E99-23C0-414F-9BE1-A96A2EC16F62,1,3
161F3AE4-B1DE-47B0-81BB-2F659A1E2EF6,,广州增城万达广场,,,false,1,,,,,,true,1000643,GZZC,4,true,2014-05-16 00:00:00.0,1,true,true,271A6AE9-20A5-4551-B04F-22F71472C977,1,3
5A79DCC5-B272-4D7F-9591-30548DB3176F,,江苏宿迁万达广场,,,false,1,,,,,,true,1001834,JSSQ,4,true,2018-12-07 00:00:00.0,,true,false,,1,
40BE67C6-D3F6-4ECC-BEB5-3245AC71986C,,江门万达广场,,,false,1,,,,,,true,1000767,JM,4,true,2014-11-28 00:00:00.0,1,true,true,95C0EFF4-3EA7-42B8-B163-CCD6E877C0B3,1,3
D802DBD2-5F25-4D4D-B92F-3383D2477D02,,德州万达广场,,,false,1,,,,,,true,1001011,DZ,4,true,2015-11-06 00:00:00.0,1,true,false,3E1CAC08-353B-4F80-BEAB-301C16A40F8F,1,3
CC493A1D-168D-4E09-ADE8-33A44A6C8D6B,,营口万达广场,,,false,1,,,,,,true,1000885,YK,2,true,2015-06-19 00:00:00.0,1,true,false,1BCBD31D-C022-44CC-A6DF-CBBCD2AE0A36,1,3
45C07196-40B7-4D7B-BAEB-33F35BD2D41A,,重庆铜梁,,,false,1,,,,,,true,1002006,ZQTL,4,true,2018-12-31 00:00:00.0,,true,false,,1,3
AF44FB51-ABC3-4885-8AAF-33F64644D779,,湖北十堰万达广场,,,false,1,,,,,,true,1001116,HBSY,3,true,2016-08-05 00:00:00.0,0,true,true,9F0C67C3-E1B2-40A7-8DBA-F2F75D3D50E8,1,3
E61A4DA7-8AD6-4C82-A9E3-34307C4991BD,,泰州泰兴万达广场,,,false,1,,,,,,true,1001835,TZTX,4,true,2018-10-26 00:00:00.0,,true,false,,1,
6BE1C69A-BE74-41B0-9EE2-34B57081978A,,成都金牛万达广场,,,false,1,,,,,,true,1000383,CDJN,2,true,2012-12-22 00:00:00.0,1,true,true,DA95761F-8945-4453-8CFE-EB611F942849,1,2
488A227E-A5DB-45E9-BDED-368D131F89FD,,成都双流万达广场,,,false,1,,,,,,true,1001144,CDSL,4,true,2016-12-17 00:00:00.0,0,true,true,96887038-E852-4F4B-BDA4-FE9B496F5B9F,1,2
3C84EE3E-AB29-4A5B-A875-3722EC0937A6,,雅安万达广场,,,false,1,,,,,,true,1001505,YA,4,true,2017-07-21 00:00:00.0,0,true,true,3B4B90A0-DAE3-4973-8109-3322AB9860F0,1,3
EA5A45FE-FA7C-405D-8245-39415F8D0B66,,徐州铜山万达广场,,,false,1,,,,,,true,1001132,XZTS,2,true,2016-10-28 00:00:00.0,,true,false,2F6ABD9C-54DA-4F4B-9DB9-2F990D969977,1,3
0DD44E13-4A32-4962-94EB-39BA8B3B5168,,乌海万达广场,,,false,1,,,,,,true,1001109,WH,3,true,2016-06-25 00:00:00.0,0,true,true,8AD1ACDE-0714-4B73-AC6D-7C18F1F3003F,1,3
FDE6F4BF-E50B-493E-B32A-39C1DFA3F851,,合肥巢湖万达广场,,,false,1,,,,,,true,1001827,HFCH,4,true,2018-11-02 00:00:00.0,,true,false,,1,
4EE8B7C7-5F8D-4606-86C6-3B31D9D29ED3,,长春车城万达广场,,,false,1,,,,,,true,1001606,CCCC,4,true,2017-09-08 00:00:00.0,0,true,true,3AA6D728-3091-4B11-A29F-40026CA3C2F2,1,2
A13EAC10-E53F-4EBA-9384-3BA4B93CB978,,唐山路南万达广场,,,false,1,,,,,,true,1000323,TSLN,1,true,2011-12-23 00:00:00.0,1,true,true,14F19421-331E-46BD-9ECF-F3A51695C00C,1,3
6BFAA61C-BEF2-42E0-A569-3C8F95F1169C,,广州番禺万达广场,,,false,1,,,,,,true,1000503,GZPY,2,true,2014-11-08 00:00:00.0,1,true,true,B9C65BE7-52D3-4CFF-8360-C833E8E7DF97,1,1
6AB3571C-403A-4923-98F3-3D57C7EB78F9,,银川金凤万达广场,,,false,1,,,,,,true,1000283,YCJF,1,true,2011-09-09 00:00:00.0,1,true,true,164EF963-AD07-4B9A-A153-E387A0CE89F0,1,3
BF2F1505-545F-4BB8-BB4F-3E49C36B9F56,,桂林叠彩万达广场,,,false,1,,,,,,true,1001637,GLDC,4,true,2017-11-24 00:00:00.0,0,true,true,EB23C385-5242-4A2C-BC71-0CDCD4CAEB10,1,3
97A0D445-DDAC-4539-9780-3FF92A07D634,,长春红旗街万达广场,,,false,1,,,,,,true,1000276,CCHQJ,1,true,2010-10-29 00:00:00.0,1,true,true,80EF81D0-389F-45E8-957E-F236D5622B5B,1,2
A181F31B-97E3-4969-98E0-414E94DB39B5,,镇江万达广场,,,false,1,,,,,,true,1000278,ZJ,2,true,2011-08-12 00:00:00.0,1,true,true,4CFA5B01-8B42-4CD5-BA40-8297676E32DA,1,3
235DDA4E-EA3D-483E-B63E-425ED731C595,,延吉万达广场,,,false,1,,,,,,true,1001121,YJ,4,true,2016-09-09 00:00:00.0,,true,false,23CDD3CF-008E-4765-ADF0-94935A45C4B2,1,3
6FC5FF89-1BD8-4E58-BE72-4262908BFBB0,,金沙洲万达广场,,,false,1,,,,,,true,1001425,JSZ,3,true,2017-06-30 00:00:00.0,0,true,false,3E3FD9B2-F55D-443F-A6A8-C2746D27298F,1,1
8F5D6B6B-B7D2-4A5F-AD3F-4316F3CA91BE,,潍坊寿光万达广场,,,false,1,,,,,,true,1001845,WFSG,4,true,2018-12-29 00:00:00.0,,true,false,,1,
09262B76-FE6F-4A48-B972-43BC2862B1E9,,福建南平万达广场,,,false,1,,,,,,true,1001822,FJNP,4,true,2018-09-21 00:00:00.0,,true,false,15AA8AC9-19DD-42B2-AD86-1EDAD6BAFB5D,1,
81A691E0-8D90-4F27-B6BC-4650655B8E2A,,余姚万达广场,,,false,1,,,,,,true,1000543,YY,3,true,2013-11-01 00:00:00.0,1,true,true,53C65016-F254-4412-B9B7-FD763F8A63DA,1,3
B053318C-6C17-4F48-A863-473EACACD952,,宁波江北万达广场,,,false,1,,,,,,true,1000264,NBJB,2,true,2010-12-10 00:00:00.0,1,true,true,A5654537-8F84-45E8-90C0-2F96EF6DBB3E,1,2
DEF0F82E-1644-4DBB-9239-4ABB0731AE4D,,抚州万达广场,,,false,1,,,,,,true,1001151,FZ,3,true,2017-06-16 00:00:00.0,0,true,true,46F8533B-4BB4-496B-A0C3-A16FAF6554A1,1,3
819A394E-300A-4107-ADF1-4AF09D55DDA8,,梅州万达广场,,,false,1,,,,,,true,1001127,MZ,4,true,2016-09-23 00:00:00.0,0,true,true,7A7014C2-336C-4C1E-BBE3-C1922BCEAD72,1,3
D6949106-4744-4E8E-A613-4AFDD58BEBEA,,合肥包河万达广场,,,false,1,,,,,,true,1000110,HFBH,1,true,2010-12-23 00:00:00.0,1,true,true,D5A765A1-7BC6-4616-910C-A90F3DAE707C,1,2
69316740-6370-441D-A122-4B7C7F9B9B4D,,亳州万达广场,,,false,1,,,,,,true,1001117,BZ,3,true,2016-08-12 00:00:00.0,0,true,true,F4FC4970-5996-4A59-99B8-1C9C82D9730C,1,3
2327ED85-69AF-4206-BE3C-4BC5E328D19D,,重庆巴南万达广场,,,false,1,,,,,,true,1001009,CQBN,3,true,2015-10-30 00:00:00.0,1,true,false,58852788-4DDF-4CC1-9CEF-1BC244722A17,1,2
0B89A62D-2352-4829-BCA0-4BEBA25E9E58,,上海闵行颛桥万达广场,,,false,1,,,,,,true,1001646,SH*X*Q,3,true,2017-12-22 00:00:00.0,,true,false,C7DA50F3-C9B7-4C70-995D-57E8E154AA59,1,1
B3321EB6-326C-4551-8181-4CC785F8F3D8,,通辽万达广场,,,false,1,,,,,,true,1001114,TL,3,true,2016-07-22 00:00:00.0,,true,false,FC5A6E59-725C-47DE-BA3E-06C99090EE79,1,3
94EFE9CB-2D02-466A-A83B-4D4EFCAEEF70,,昆明CBD万达广场,,,false,1,,,,,,true,1000744,KMCBD,2,true,2014-10-31 00:00:00.0,1,true,true,1C79592B-85D5-4831-9888-2E3F8CB920A7,1,2
07D94D90-CB50-49AC-B108-4F524CF1B022,,广东湛江万达广场,,,false,1,,,,,,true,1001110,GDZJ,2,true,2016-06-25 00:00:00.0,,true,false,4AD2A060-D323-4E5F-BC53-CC521FB392B8,1,3
F844C7E2-8A12-4327-A064-4FBF1C708F5B,,北京怀柔万达广场,,,false,1,,,,,,true,1001724,BJHR,4,true,2018-01-01 00:00:00.0,0,true,false,,1,1
57FD6A4A-C153-4ABE-A065-528F8A8AB31F,,洛阳万达广场,,,false,1,,,,,,true,1000300,LY,1,true,2009-12-22 00:00:00.0,1,true,true,4A05A20C-6AA9-4F30-BBDE-9C7F82DB0BA8,1,3
0CF6F459-E81E-46B9-97E7-5415CDD53D99,,海口秀英万达广场,,,false,1,,,,,,true,1001148,HKXY,3,true,2016-12-23 00:00:00.0,0,true,true,FE0CF8BF-9DD6-4A04-A609-A88F8264A182,1,3
548B29AC-3A00-4D38-8D95-5454F5CD72CA,,常州新北万达广场,,,false,1,,,,,,true,1000285,CZXB,1,true,2011-12-10 00:00:00.0,1,true,true,039162A6-1CBF-4D4F-80D3-1D2BAC5FFF2E,1,3
BDFB93BB-FDF7-43FA-A237-5469D579B7D4,,阜阳颍泉万达广场,,,false,1,,,,,,true,1001150,FY*Q,4,true,2017-06-16 00:00:00.0,0,true,true,046146FB-4615-48C4-BE65-70454922A65B,1,3
075BCB73-C206-41ED-ABE0-56373C6C5E0B,,哈尔滨香坊万达广场,,,false,1,,,,,,true,1000297,HEBXF,1,true,2007-10-25 00:00:00.0,1,true,true,781E4F27-4517-4699-B300-7D648969A3E0,1,2
BBD5DE1B-84BB-46AE-92E8-568832185B8E,,无锡江阴万达广场,,,false,1,,,,,,true,1000386,WXJY,4,true,2012-09-22 00:00:00.0,1,true,true,BCD0ABB7-0682-4C86-B22E-97CBF5C2A464,1,3
B189C2C9-8D92-4FF7-A286-568F1CD2B2C9,,鄂尔多斯万达广场,,,false,1,,,,,,true,1001820,EEDS,4,true,2019-08-30 00:00:00.0,,true,false,,1,
456DD286-5C09-4DAD-8853-56F912510BD9,,玉溪万达广场,,,false,1,,,,,,true,1001844,YX,4,true,2019-12-27 00:00:00.0,,true,false,,1,
A653F26D-0C0C-4F67-9C7A-57998A511868,,常熟万达广场,,,false,1,,,,,,true,1001605,CS,3,true,2017-07-22 00:00:00.0,0,true,true,AFB33372-19DC-4155-982F-3C054F691AAD,1,3
7C654D62-17E6-407E-90DC-58DF577F615D,,青岛台东路万达广场,,,false,1,,,,,,true,1001066,QDTDL,1,true,2003-09-25 00:00:00.0,0,false,false,,1,2
29549A70-6C98-453E-B052-592F297DA22B,,阜新万达广场,,,false,1,,,,,,true,1001811,FX,3,true,2018-08-10 00:00:00.0,,true,false,,1,3
D6383624-7C10-46D4-85D3-598B2C940141,,无锡滨湖万达广场,,,false,1,,,,,,true,1000288,WXBH,1,true,2010-09-17 00:00:00.0,1,true,true,A23A2F47-2B62-4F64-AFFC-29B054480DF1,1,2
DCBF7BB8-9976-48FF-8652-59E7B2AFBBC0,,常州武进万达广场,,,false,1,,,,,,true,1000705,CZWJ,4,true,2014-08-08 00:00:00.0,1,true,true,9BA32E0F-A68F-4714-93DB-CD3BEDF69B9A,1,3
E3534844-ECE2-4E00-BFA9-59F2ED4FF617,,淮南万达广场,,,false,1,,,,,,true,1001832,HN,4,true,2018-09-07 00:00:00.0,,true,false,,1,
78AB6C20-6146-484B-8FF3-5BC888E359F6,,昆山万达广场,,,false,1,,,,,,true,1001604,KS,3,true,2017-07-08 00:00:00.0,0,true,true,31F39FAC-A09A-482E-933D-D64FCA80C376,1,3
8A2EB76A-376A-40FF-9489-5BEB4D83D47C,,常州溧阳万达广场,,,false,1,,,,,,true,1001648,CZ*Y,3,true,2018-06-01 00:00:00.0,,true,false,0B1046B8-61AF-4EF9-8573-5182886D0462,1,3
59BA37A1-5A53-4B10-9E99-5D2635C5BD04,,长治万达广场,,,false,1,,,,,,true,1001819,CZ,4,true,2018-09-22 00:00:00.0,,true,false,,1,
68B17149-D3A3-4E50-9151-5DCB9196B24E,,上饶万达广场,,,false,1,,,,,,true,1001137,SR,2,true,2016-11-25 00:00:00.0,0,true,false,6628BC06-678C-4596-BBE5-6DEEB1750073,1,3
D89DBA87-E12E-4B93-8B41-5DE29C65D792,,廊坊万达广场,,,false,1,,,,,,true,1000282,LF,1,true,2011-11-11 00:00:00.0,1,true,true,C27DCA5A-0948-4251-9B1D-E6C27AB6BD1D,1,3
081941F9-CB61-4B7B-BD94-5F3EB95633D0,,北京槐房万达广场,,,false,1,,,,,,true,1001146,BJHF,3,true,2016-12-22 00:00:00.0,0,true,false,A3C26897-BD33-43F6-B452-E01A34FA3E3B,1,1
87F53D28-6967-4492-816B-5F49854EBBD0,,晋江万达广场,,,false,1,,,,,,true,1000390,JJ,2,true,2012-08-10 00:00:00.0,1,true,true,02897F5A-6ED6-4CF2-A2B2-611E9235FC79,1,3
D8FBBB23-D839-4C81-8B75-609190779A49,,长春宽城万达广场,,,false,1,,,,,,true,1000463,CCKC,3,true,2013-08-16 00:00:00.0,1,true,true,571093CF-53D8-4ABD-BA05-561754B1738F,1,2
2867C918-39AC-4775-8C53-616CA9423F3C,,盐城万达广场,,,false,1,,,,,,true,1001485,YC,4,true,2017-06-29 00:00:00.0,0,true,false,24E9D8D3-A509-423F-BA60-FC89F0ED4E3E,1,3
124CC9D6-047C-4771-ADE3-623FB6F31A8E,,大连普兰店万达广场,,,false,1,,,,,,true,1001285,DLPL,4,true,2017-07-29 00:00:00.0,0,true,false,B9872E95-5876-478F-8F4E-E2C64CBD9265,1,3
16D147D6-7BB9-465B-9CC7-624812679C7C,,乌鲁木齐高新区万达广场,,,false,1,,,,,,true,1001818,WLMQGXQ,4,true,2018-09-21 00:00:00.0,,true,false,,1,
8BE28CDC-AAA2-4494-93F7-6289BA635EE7,,武汉汉街万达广场,,,false,1,,,,,,true,1000483,WHHJWD,3,true,2013-09-28 00:00:00.0,1,true,true,A63D9ABA-83B7-4EEE-8070-80302636EFF3,1,2
AE54D0BD-EDBF-45DB-9C58-6398AC79BBB4,,大连甘井子万达广场,,,false,1,,,,,,true,1001564,DLGJZ,3,true,2017-09-29 00:00:00.0,0,true,false,,1,2
EB55A0C8-E66A-46AA-ACA2-63A331ECEC3B,,营口鲅鱼圈万达广场,,,false,1,,,,,,true,1001136,YK*YQ,4,true,2016-11-19 00:00:00.0,0,true,true,002E1602-1309-4DCB-ADBB-CE66989D8B87,1,3
AB6F9640-BAC9-475F-AA76-640785D15206,,上海金山万达广场,,,false,1,,,,,,true,1000905,SHJS,3,true,2015-07-17 00:00:00.0,1,true,false,07BD7FC1-CF74-40C4-9869-A214834E09EC,1,3
19069E5F-F0CD-4E37-8B27-6424A7959EE1,,贵阳观山湖万达广场,,,false,1,,,,,,true,1001647,GYGSH,3,true,2018-05-25 00:00:00.0,,true,false,3A26FA52-CC83-42F1-A634-990F2ED92B97,1,2
C140A291-97FE-4D2E-A192-64384F0F2040,,大连万达中心,,,false,1,,,,,,true,1001204,DLWDZX,3,true,2012-02-25 00:00:00.0,,true,false,,1,2
AD2B1626-7E89-4B04-926C-646DBB494B9A,,青岛CBD万达广场,,,false,1,,,,,,true,1000271,QDCBD,2,true,2009-11-27 00:00:00.0,1,true,true,4FA9452F-1033-4A47-85EB-9FACEB6E9B86,1,2
C4D72C23-E2F9-4C77-BBDB-6488D484D449,,北京石景山万达广场,,,false,1,,,,,,true,1000265,BJSJSWDGC,1,true,2008-12-20 00:00:00.0,1,true,true,080159F5-1B52-45AD-88A1-BE7184BE10B1,1,1
B70F53FC-2FDA-4815-9071-6527CEE54892,,苏州吴中万达广场,,,false,1,,,,,,true,1001013,SZWZ,2,true,2015-12-11 00:00:00.0,1,true,false,317AE973-B24F-4BD4-BC5D-735A1D05A3C4,1,2
14A61BF9-02CC-49C0-AC08-66D447F47FB8,,东营东城万达广场,,,false,1,,,,,,true,1001806,DYDC,4,true,2018-07-12 00:00:00.0,,true,false,0D488363-8151-4ABF-A5B8-5739D7956B06,1,
74D7F64D-4CA8-4F2F-8852-68EC814A283D,,淮北万达广场,,,false,1,,,,,,true,1001812,HB,4,true,2018-09-28 00:00:00.0,,true,false,,1,
B1664B26-2DC7-4439-956B-6A40D2C5B575,,湖北荆门万达广场,,,false,1,,,,,,true,1001104,HBJM,3,true,2016-06-03 00:00:00.0,,true,false,B0AEDDCF-DF41-4942-A5EF-8489A951D7E0,1,3
04D46844-60F9-4EB1-A4B6-6A9A3D6C4584,,抚顺万达广场,,,false,1,,,,,,true,1000547,FS,4,true,2013-10-25 00:00:00.0,1,true,true,43BD57E3-2D9B-49D8-816F-2AEA4461D21D,1,3
368B8C3D-0618-41A6-8A0A-6B551FF76CC8,,东莞长安万达广场,,,false,1,,,,,,true,1000545,DGCA,2,true,2013-07-20 00:00:00.0,1,true,true,093944BA-E29D-4C33-8E17-F115006DFE0A,1,3
C5A401AD-9A5F-4745-B6D6-6D51A3FEB9CA,,大同万达广场,,,false,1,,,,,,true,1001628,DT,3,true,2017-10-20 00:00:00.0,0,true,true,,1,3
74D7014C-FCB4-4BE5-9848-6E46AEDC5167,,哈尔滨万达茂,,,false,1,,,,,,true,1001651,,3,true,2017-06-30 00:00:00.0,,true,false,,1,2
F9027FB5-81F1-481C-A62A-6E8327733208,,潍坊万达广场,,,false,1,,,,,,true,1000646,WF,4,true,2014-05-23 00:00:00.0,1,true,true,4CD1257D-FD63-4DF7-9262-4F92A708393D,1,3
F962E82B-01B9-4CD0-AB48-6F0AADFAD4AE,,重庆南坪万达广场,,,false,1,,,,,,true,1000294,CQNP,1,true,2009-12-11 00:00:00.0,1,true,true,9D82347A-DFC4-4ACE-AE47-1D1CF7691C61,1,2
3B384F78-D729-4754-89EE-7033C07706AE,,遂宁万达广场,,,false,1,,,,,,true,1001131,SN,3,true,2016-10-21 00:00:00.0,,true,false,6E1DE48C-D0A6-49B4-AAA9-D7440C110DBB,1,3
079981A8-5595-441A-8E37-7069F19508E4,,济宁太白路万达广场,,,false,1,,,,,,true,1000664,JNTBL,3,true,2014-07-05 00:00:00.0,1,true,true,B3CF8C70-33B6-45F1-BBFB-0A5C0135F9BC,1,3
D90615A4-8F70-4CAD-A35E-70EE29117A0C,,西安大明宫万达广场,,,false,1,,,,,,true,1000603,XADMG,1,true,2013-11-22 00:00:00.0,1,true,true,10F63549-9759-45D3-8BA9-6FD8775A19E5,1,2
75460E52-E5AC-4964-AC4F-71B0220CBAB8,,四川内江万达广场,,,false,1,,,,,,true,1000886,SCNJ,2,true,2015-06-26 00:00:00.0,1,true,true,0B80BB18-C18A-4207-97EF-2752E44AE408,1,3
D0E08975-9F14-4538-A74B-722EED5E5BC0,,湘潭万达广场,,,false,1,,,,,,true,1001105,XT,3,true,2016-06-10 00:00:00.0,0,true,true,76D1D393-2766-44BE-BC04-BAAF4173A5A3,1,3
28E0474F-C944-4135-A097-72AD81B588F0,,福州仓山万达广场,,,false,1,,,,,,true,1000268,FZCS,1,true,2011-12-02 00:00:00.0,1,true,true,B7C00C2F-A3B6-499D-9916-1BD7FCFC5C54,1,2
F65DFEF8-8D4C-4469-A8F7-73E6649EB5E5,,包头九原万达广场,,,false,1,,,,,,true,1001810,BTJY,3,true,2018-08-17 00:00:00.0,,true,false,57C16A4C-1ABD-4594-8749-CB647DC585B6,1,3
202617DD-2D8B-4038-B434-7509C504EDE0,,南京溧水万达广场,,,false,1,,,,,,true,1001840,NJLS,4,true,2018-09-28 00:00:00.0,,true,false,,1,
99372F3B-8E3C-471E-95C9-77DE7526D1CC,,宜宾万达广场,,,false,1,,,,,,true,1001836,YB,4,true,2018-12-21 00:00:00.0,,true,false,,1,
DD2A9AD9-7081-4706-BF59-77E03BF35BDD,,江苏太仓万达广场,,,false,1,,,,,,true,1000395,JSTC,3,true,2012-12-07 00:00:00.0,1,true,true,46777D3A-003E-435D-8C5C-60D44D1DF463,1,3
51CA3EB6-D4AB-44F1-9AA2-79E04CCCA66F,,烟台经开万达广场,,,false,1,,,,,,true,1001147,YTKFQ,4,true,2016-12-23 00:00:00.0,0,true,true,8E22562A-E6AF-458D-A874-0BE925D2518C,1,3
0B7A1A74-E7A3-43B7-8269-7A2A201180E1,,淮安万达广场,,,false,1,,,,,,true,1000270,HA,2,true,2011-01-07 00:00:00.0,1,true,true,5D9213A0-2F47-4985-9EBE-4FEA8F3B859A,1,3
97118EE8-9C06-4907-A00F-7AD805CAF98E,,宁波鄞州万达广场,,,false,1,,,,,,true,1000109,NBYZ,1,true,2006-12-22 00:00:00.0,1,true,true,46EA14A1-E26C-48EF-93FE-40D2F5804CB5,1,2
49DEBC53-BFF6-4E43-AB10-7B195166E600,,邢台万达广场,,,false,1,,,,,,true,1001826,XT,4,true,2018-11-02 00:00:00.0,,true,false,,1,
2A2583CE-DD5F-41DD-A722-7C3C07A080C7,,江门新会万达广场,,,false,1,,,,,,true,1001816,JMXH,4,true,2018-08-24 00:00:00.0,,true,false,95C0EFF4-3EA7-42B8-B163-CCD6E877C0B3,1,
3F18B093-5A27-492D-95A5-7D64253BF0A4,,西宁万达广场,,,false,1,,,,,,true,1001115,XN,2,true,2016-07-29 00:00:00.0,,true,false,E4F466DF-7D6B-4C24-90DD-A5BC19C6317F,1,3
FC89F85E-1901-40E7-A42E-7FD4C67ABCCB,,东营万达广场,,,false,1,,,,,,true,1000985,DY,3,true,2015-08-15 00:00:00.0,1,true,false,A48E5813-0D12-4913-A9CA-B7D4029A5F96,1,3
7216AAF3-E2C8-49A1-937C-80E12B25F247,,宁德万达广场,,,false,1,,,,,,true,1000389,ND,2,true,2012-08-11 00:00:00.0,1,true,true,B1BDD876-1EC2-4D52-923D-A5C94EBC4E01,1,3
B956B8FA-BC5C-453D-B183-82052D1E80A8,,重庆綦江万达广场,,,false,1,,,,,,true,1001629,ZQ*J,4,true,2017-10-27 00:00:00.0,,true,false,57B88372-4B3F-4FC4-9BFE-54F79D133661,1,3
691B7D1A-51AA-4D3A-A8F6-829787ACF6D4,,乌鲁木齐德汇万达广场,,,false,1,,,,,,true,1001424,WLMQDH,3,true,2018-01-28 00:00:00.0,0,true,true,,1,2
BC314091-DBD1-4D5E-93C5-83DAD8967F14,,酒泉万达广场,,,false,1,,,,,,true,1001631,JQ,4,true,2017-11-10 00:00:00.0,,true,false,9C6EF0EF-F3C2-4431-A0FC-CE0CE7D5290D,1,3
2D6A480D-9957-4B36-A967-846757DF7B5A,,沈阳太原街万达广场,,,false,1,,,,,,true,1000277,SYTYJ,1,true,2009-11-20 00:00:00.0,1,true,true,8D5D2161-241C-43AD-849B-EBF75BEE7CDD,1,2
D10E672E-A4FD-43CB-8811-849A7C9913E0,,金华万达广场,,,false,1,,,,,,true,1000685,JH,3,true,2014-07-25 00:00:00.0,1,true,true,1F1482D5-FC2E-450B-A4B7-543FE40FFCAF,1,3
D15D2655-DFAA-4DCC-9EAB-85C9331C4ED7,,大连开发区万达广场,,,false,1,,,,,,true,1001005,DLKFQ,3,true,2015-08-29 00:00:00.0,1,true,false,8BC0B30A-49AC-421D-8C8A-47928BDF2867,1,2
6F273544-AFFE-42E3-B596-868889562FB8,,郑州二七万达广场,,,false,1,,,,,,true,1000388,ZZEQ,1,true,2012-10-13 00:00:00.0,1,true,true,BFAC28E4-5038-4593-B4C9-51B11F4F2CF4,1,2
DC5513D8-92D7-4F78-A228-86E99200BF20,,成都蜀都万达广场,,,false,1,,,,,,true,1001084,CDSD,2,true,2016-04-29 00:00:00.0,,true,false,42BFD3D3-1D17-4BC5-8356-9DCAA11F28AF,1,2
90942219-B32B-46DE-81F7-88485DA791FF,,晋中万达广场,,,false,1,,,,,,true,1001444,JZ,4,true,2017-08-18 00:00:00.0,0,true,true,66880FE0-0830-44AD-BAF9-A66795F1E10D,1,3
A53E59CC-8B41-425A-842E-88A971545CEB,,上海松江万达广场,,,false,1,,,,,,true,1000663,SHSJ,2,true,2014-05-30 00:00:00.0,1,true,true,3C52E52E-3E3D-4CFF-994B-626430E2FF93,1,1
9AACF28D-8AA6-4B5D-907B-89E57B11E928,,成都龙泉驿万达广场,,,false,1,,,,,,true,1001825,CDLQY,4,true,2018-10-26 00:00:00.0,,true,false,371AD813-B1F7-47BB-AF39-69C89D894EC8,1,
983776F6-DDE7-4621-AE7B-8B4B19F0E526,,泉州安溪万达广场,,,false,1,,,,,,true,1001885,QZAX,4,true,2018-12-28 00:00:00.0,,true,false,,1,
F49D152D-9B06-4C81-8CEB-8B88F67FA70C,,沈阳北一路万达广场,,,false,1,,,,,,true,1000392,SYBYL,3,true,2012-08-31 00:00:00.0,1,true,true,8D5D2161-241C-43AD-849B-EBF75BEE7CDD,1,2
1381080F-0689-4F64-87B5-8CAAC08B6DA3,,延安万达广场,,,false,1,,,,,,true,1001785,YA,3,true,2018-02-09 00:00:00.0,,true,false,,1,3
C00530C0-E859-414B-AE19-8D340433CDE0,,黄冈万达广场,,,false,1,,,,,,true,1001649,HG,3,true,2018-06-22 00:00:00.0,,true,false,15799E47-352C-4ABB-BC33-B39D3306A36D,1,3
EBA4198C-6C47-4962-8F9B-8D5545C432C7,,太原龙湖万达广场,,,false,1,,,,,,true,1001008,TYLH,1,true,2015-09-30 00:00:00.0,1,true,false,A3D24E1B-CF9E-4AF2-A947-ADECD6532FC6,1,2
07A4BCE0-680A-4638-AFCD-9078E113B092,,泰州海陵万达广场,,,false,1,,,,,,true,1000273,TZ,2,true,2011-12-09 00:00:00.0,1,true,true,69821790-4AA7-491B-A8B4-5927918B5C8B,1,3
45A71A73-B6D6-432C-9F2F-935FCEDF57B3,,大连高新万达广场,,,false,1,,,,,,true,1000423,DLGX,2,true,2013-05-25 00:00:00.0,1,true,true,2E41CAC8-08AD-4B60-A15E-69D779D70851,1,2
6FF0D2AA-0A79-4EC0-8B71-938745D622A0,,芜湖镜湖万达广场,,,false,1,,,,,,true,1000387,WHJH,3,true,2012-09-07 00:00:00.0,1,true,true,6151D61F-69E1-4308-9E3D-8410055CE224,1,3
A07E5C38-9724-45C5-8915-94C11A1C0F3F,,烟台芝罘万达广场,,,false,1,,,,,,true,1000773,YTZF,2,true,2014-11-21 00:00:00.0,1,true,true,219691D0-2040-428A-971F-2DCDC028A618,1,2
7E357AB9-CA6F-45B9-BA7B-94F4885B96F2,,阜阳颍州万达广场,,,false,1,,,,,,true,1001006,FYYZ,1,true,2015-08-29 00:00:00.0,1,true,false,FFF7588C-DBBF-4162-8DD1-D1641BD2E91C,1,3
EB04D2FC-CB37-4A5C-903E-954CC443C031,,北京通州万达广场,,,false,1,,,,,,true,1000772,BJTZ,1,true,2014-11-29 00:00:00.0,1,true,true,EBD3A884-B38A-4002-9146-DBDC260B9DB5,1,1
62D3B3F8-44C1-4419-B722-95581F1B503A,,宜春万达广场,,,false,1,,,,,,true,1001130,YC,4,true,2016-10-21 00:00:00.0,0,true,true,A9491FAA-6080-43A7-B233-979C3F54A6DD,1,3
359BC46D-C563-4C7C-9F23-96FBF60E1A11,,宁波奉化万达广场,,,false,1,,,,,,true,1001805,NBFH,4,true,2018-05-26 00:00:00.0,,true,false,,1,3
74FE2404-FD41-4FD0-83C6-993A4F75C885,,沈阳铁西万达广场,,,false,1,,,,,,true,1000266,SYTX,3,true,2010-08-20 00:00:00.0,1,true,true,8D5D2161-241C-43AD-849B-EBF75BEE7CDD,1,2
BE31FDC2-95D0-4897-BF64-993A53958B8A,,重庆北碚万达广场,,,false,1,,,,,,true,1001544,ZQB*,4,true,2017-08-25 00:00:00.0,0,true,true,5AEA51C0-AE9F-427F-B2ED-7BEA998287D9,1,2
5CCCB1C2-E4AC-40C0-9F24-9A53B7D41140,,满洲里万达广场,,,false,1,,,,,,true,1000645,MZL,4,true,2014-06-27 00:00:00.0,1,true,true,55E4F8AF-64AB-4A2D-A58F-52F1BEB8B35C,1,3
BC45418A-B30F-4D78-81BB-9B9313A23485,,榆林万达广场,,,false,1,,,,,,true,1001839,YL,4,true,2018-12-22 00:00:00.0,,true,false,,1,
FB8DC2DA-49E5-425D-A591-9C8E76EC906C,,湖北黄石万达广场,,,false,1,,,,,,true,1000887,HBHS,2,true,2015-07-03 00:00:00.0,1,true,false,548F2428-481F-4F41-999A-F7D112E4484D,1,3
727930E1-33BF-4E46-9CCF-9E72B1707EA3,,绵阳CBD万达广场,,,false,1,,,,,,true,1001986,MYCBD,4,true,2018-12-21 00:00:00.0,1,true,false,,1,3
39EB4CC7-66CA-41E1-AB8C-9EFDFCF0E25F,,枣庄万达广场,,,false,1,,,,,,true,1001484,ZZ,3,true,2017-06-29 00:00:00.0,0,true,true,26AB28F3-EE1E-4686-9A80-D6E583C3FE51,1,3
450C8BC9-1D8E-4039-ADF9-9F7B5B83B906,,宿州万达广场,,,false,1,,,,,,true,1001141,SZ,4,true,2016-12-02 00:00:00.0,0,true,true,84E8FA4E-2E37-4319-9E8E-B11866CD9154,1,3
3F1521BE-37DF-47A4-8474-A1FBA9559CE8,,三门峡万达广场,,,false,1,,,,,,true,1001129,SMX,3,true,2016-10-21 00:00:00.0,0,true,true,DB0D4F08-476D-4FA8-A47C-D0C653E136DD,1,3
4A9D6F23-013C-4706-900C-A5824A1A734D,,武汉中央文化区楚河汉街,,,false,1,,,,,,true,1000286,WHZYWHQCHHJ,1,true,2011-09-30 00:00:00.0,1,true,true,A63D9ABA-83B7-4EEE-8070-80302636EFF3,1,2
D20562F2-A918-4C77-B7CD-A69649877574,,北京CBD万达广场,,,false,1,,,,,,true,1001067,BJCBD,1,true,2006-12-28 00:00:00.0,1,false,true,0A20CD99-0EB9-4577-8C76-556CE3C0745D,1,1
2ECEB9E0-A7B9-4F0E-B85B-A713FACD5E5D,,泉州浦西万达广场,,,false,1,,,,,,true,1000391,QZPX,1,true,2012-09-29 00:00:00.0,1,true,true,67009417-AD1B-4AF1-8FCA-87D418FA249F,1,3
25F7F560-E5AD-4106-BB03-A7A373F009AA,,青岛李沧万达广场,,,false,1,,,,,,true,1000396,QDLC,3,true,2012-09-21 00:00:00.0,1,true,true,E721F5F5-15D9-4E6C-B477-F55B09F3E1D0,1,2
540ADB89-6346-4D63-B8C1-A7BDC3E43AEA,,济南高新万达广场,,,false,1,,,,,,true,1001108,JNGX,1,true,2016-06-18 00:00:00.0,,true,false,5489583F-5F4E-4398-9ACD-487865EB35F5,1,2
EB367240-2AD8-4637-9269-A98B1EC403FC,,南昌万达城酒吧街,,,false,1,,,,,,true,1001704,NCWDCJBJ,4,true,2017-05-01 00:00:00.0,,true,false,,1,
2A0A5D67-7A53-4771-A847-AB28E6EC0EFD,,大庆萨尔图万达广场,,,false,1,,,,,,true,1000299,DQSET,2,true,2011-11-25 00:00:00.0,1,true,true,8B7AC9FD-6585-48DA-81DF-6E85E0E6E1AE,1,3
8E297B05-B418-436B-8E48-AB409C83ECEE,,福建三明万达广场,,,false,1,,,,,,true,1001153,FJSM,4,true,2016-12-30 00:00:00.0,,true,false,1684D4B2-2EE1-4F6E-909F-2F75D142A8B1,1,3
FB85FC35-0134-4B5B-B67D-AD733489E2B1,,西安高新万达广场,,,false,1,,,,,,true,1001635,XAGX,3,true,2017-11-18 00:00:00.0,,true,false,B17C3365-94C7-44F4-9F1C-38F7B756586F,1,2
164CADA1-B5E2-4428-AC9C-AD84D7495811,,玉林万达广场,,,false,1,,,,,,true,1001837,YL,4,true,2019-06-28 00:00:00.0,,true,false,,1,
820E1F92-64E8-466E-AA16-AD9E1C38C95F,,泸州万达广场,,,false,1,,,,,,true,1001808,LZ,4,true,2018-06-01 00:00:00.0,,true,false,9C47263B-E644-4074-8F16-9E3753166525,1,
40C56BF3-2054-4B7B-83EB-AEDD8A773612,,重庆沙坪坝万达广场,,,false,1,,,,,,true,1001833,ZQSPB,4,true,2018-11-30 00:00:00.0,,true,false,,1,
1305B78A-6E6A-4C8E-943B-AF563C479889,,青岛东方影都万达茂,,,false,1,,,,,,true,1001744,QDDFYDWDM,4,true,2018-04-28 00:00:00.0,,true,false,,1,2
8E740184-8D05-4FCA-B376-AFFD9B23D24B,,合肥万达城,,,false,1,,,,,,true,1001184,HFWDC,4,true,2016-09-24 00:00:00.0,,true,false,239057AC-37A0-4465-80D7-7C98CB40F0F2,1,2
48228648-6FB7-41E1-AF0F-B037B2BCAD11,,安阳万达广场,,,false,1,,,,,,true,1000907,AY,3,true,2015-07-25 00:00:00.0,1,true,false,E0AB1782-9C28-4C1D-A86D-1FAD37174F15,1,3
E88BC3E8-500E-45A3-B039-B04A3FC835DD,,郑州惠济万达广场,,,false,1,,,,,,true,1001134,ZZHJ,3,true,2016-11-18 00:00:00.0,0,true,true,B7F79D34-9D0B-48C5-9BAD-F0DCD7F8C82E,1,2
368A8091-213C-45CB-9E85-B0B8C0497BC0,,长沙开福万达广场,,,false,1,,,,,,true,1000403,CSKF,2,true,2013-09-27 00:00:00.0,1,true,true,C0BEAD04-E6DD-46B1-B7C0-7D0E10B1D7D3,1,2
E385DEA8-F2ED-43DE-BF47-B1283C06631B,,大庆让胡路万达广场,,,false,1,,,,,,true,1001884,DQRHL,4,true,2018-12-23 00:00:00.0,,true,false,,1,
3FDC8159-EA3A-452C-AC5E-B13E993BAA9E,,重庆万州万达广场,,,false,1,,,,,,true,1000563,CQWZ,1,true,2013-07-05 00:00:00.0,1,true,true,7278ECCC-A3D6-4B07-8B1C-16D15D6E3603,1,3
F4BB6685-2607-4283-B2B2-B1694A185D09,,东莞厚街万达广场,,,false,1,,,,,,true,1001010,DGHJ,2,true,2015-11-06 00:00:00.0,1,true,false,267EDD59-D235-4F72-BFA6-584D656BFBD8,1,3
7222CB38-FAD7-4EA3-A6DA-B3DE0DFDBC48,,南昌青山湖万达广场,,,false,1,,,,,,true,1001838,NCQSH,4,true,2018-12-21 00:00:00.0,,true,false,,1,
99DC9C1F-8144-467E-B6A9-B5530F540CB9,,连云港万达广场,,,false,1,,,,,,true,1001135,LYG,4,true,2016-11-18 00:00:00.0,,true,false,404530DE-4FA3-47BC-AB31-B2D8508F06F8,1,3
B7064112-75D4-4701-999A-B59281D5EA1E,,西安民乐园万达广场,,,false,1,,,,,,true,1000290,XAMLY,1,true,2009-12-19 00:00:00.0,1,true,true,B9F05795-68BF-4B83-9BA7-FE8234EF84E5,1,2
83C2476E-82CB-498C-B525-B85F1C9D20A4,,东莞东城万达广场,,,false,1,,,,,,true,1000707,DGDC,1,true,2014-09-12 00:00:00.0,1,true,true,33D6048E-B42C-4FC9-B363-BD8A22CC5CF7,1,3
58857DE4-825B-44E5-8AC1-B86D1A11305F,,宣城万达广场,,,false,1,,,,,,true,1001641,XC,3,true,2018-06-29 00:00:00.0,,true,false,,1,3
AC03E080-4F28-4637-9F1D-B97A0D8725FC,,上海五角场万达广场,,,false,1,,,,,,true,1000107,SHWJC,1,true,2006-12-23 00:00:00.0,1,true,true,04F63D79-86DF-423B-BAF2-3DA0460DA638,1,1
1694D63A-52AD-42BC-A688-BA98138FE0DD,,嘉兴龙鼎万达广场,,,false,1,,,,,,true,1001807,JXLD,4,true,2018-05-25 00:00:00.0,,true,false,,1,
E0BC57CB-B71C-4D4D-8EF0-BBB876425886,,乌鲁木齐经开万达广场,,,false,1,,,,,,true,1001119,WLMQJK,3,true,2016-08-12 00:00:00.0,0,true,false,FE723104-20B9-46CA-AF4D-5EEEC271C33E,1,2
2F5D9DC3-E321-4F5E-A800-BC7001B2B73E,,东莞虎门万达广场,,,false,1,,,,,,true,1001143,D*HM,2,true,2016-12-16 00:00:00.0,,true,false,C93B8BD6-16E1-4DD6-A3C3-9BB339D1CCEA,1,2
127FA99C-F1E7-48DE-9DC6-BC91227EB61E,,青岛港区万达广场,,,false,1,,,,,,true,1001506,QDGQ,3,true,2017-09-29 00:00:00.0,,true,false,,1,2
FABD407A-2BFC-49E1-8943-BD77C9780E5F,,天津塘沽万达广场,,,false,1,,,,,,true,1001634,TJTG,3,true,2017-12-29 00:00:00.0,,true,false,,1,2
DC5BA3D4-110F-460B-A8E8-BDE68F02463D,,牡丹江万达广场,,,false,1,,,,,,true,1001113,MDJ,4,true,2016-07-22 00:00:00.0,0,true,true,03A3E25E-A800-4C5F-BD0F-8662BCF821B9,1,3
2E0EA4FC-A7DC-4F3B-B3B6-BE04ECA0BEA5,,西湖万达广场,,,false,1,,,,,,true,1001464,XH,3,true,2017-06-23 00:00:00.0,0,true,true,3EC2C5D3-29E7-4DD5-8DC2-619A387CD54E,1,2
B4A74974-DE63-415F-BE08-BF61D9F47BE9,,上海江桥万达广场,,,false,1,,,,,,true,1000108,SHJQ,2,true,2011-06-18 00:00:00.0,1,true,true,0A3C8BD3-426C-47C6-AC9F-A0B02DDE25B2,1,1
581CE113-358A-40B5-AFDB-BFAF62BB0807,,本溪万达广场,,,false,1,,,,,,true,1001828,BX,4,true,2018-12-21 00:00:00.0,,true,false,,1,
E353B4C3-55E9-4873-BF7E-C0D5A86AA1F2,,襄阳万达广场,,,false,1,,,,,,true,1000281,XY,1,true,2010-11-26 00:00:00.0,1,true,true,1104B9B8-D9F0-4C14-90A0-7AFD6042F32C,1,3
CA45497D-E7B3-40A0-805D-C0DE2CBD3AC5,,福清万达广场,,,false,1,,,,,,true,1000768,FQ,2,true,2014-12-05 00:00:00.0,1,true,true,D24A4ED3-5E6A-4E4D-9592-1A3294DA0343,1,3
070D17DF-64FA-4DA3-ABBD-C1EE964224B2,,柳州柳南万达广场,,,false,1,,,,,,true,1001156,LZLN,4,true,2016-12-31 00:00:00.0,0,true,true,015AE761-E0EC-453B-A785-BB4E9EC7F1E7,1,3
E1E65DB0-FF8A-4147-AC8A-C2C52DDF4129,,台州经开万达广场,,,false,1,,,,,,true,1001106,TZJK,3,true,2016-06-17 00:00:00.0,,true,false,0721EA0A-FB26-496D-B63E-B945800C227E,1,3
3DDBAAE8-7A32-4ABC-9963-C3C7567004AA,,成都崇州万达广场,,,false,1,,,,,,true,1001624,CDCZ,4,true,2017-09-01 00:00:00.0,0,true,true,94BC7C11-B5C8-4BEA-BB95-1F860FBFC0D6,1,3
BF8FB470-2271-400F-8E35-C5A15657A4A8,,成都武侯万达广场,,,false,1,,,,,,true,1001645,CDWH,3,true,2017-12-22 00:00:00.0,0,true,false,,1,2
1B369F2C-CB32-4FE8-BBCF-C62AD929B63B,,漳州台商区万达广场,,,false,1,,,,,,true,1001128,ZZTSQ,4,true,2017-01-06 00:00:00.0,0,true,true,1A293E28-CE98-47A3-93A8-CE721A1FEF85,1,3
A2C92AE4-421D-4AA0-8F87-C7334D4AA8C0,,盘锦万达广场,,,false,1,,,,,,true,1001122,PJ,4,true,2016-09-09 00:00:00.0,0,true,true,9D2B7A07-7378-450D-A8F1-F65327991072,1,3
A1A82C2C-93DF-4E9E-AADD-C95AD51D43DD,,大连庄河万达广场,,,false,1,,,,,,true,1001286,DLZH,4,true,2017-08-18 00:00:00.0,0,true,false,B4B2D13C-9B78-448C-AD5F-3FF96FC11A86,1,3
F0618BBF-5972-4645-B5FD-C96A5B785152,,六安万达广场,,,false,1,,,,,,true,1001154,LA,3,true,2016-12-31 00:00:00.0,0,true,true,4A3AB4D3-E2E2-47ED-ADCB-E1A7213FFC2C,1,3
2D1FCD76-BC65-46CA-A4F7-C9BC77CF5C0C,,石嘴山万达广场,,,false,1,,,,,,true,1001632,SZS,3,true,2018-07-06 00:00:00.0,,true,false,,1,3
1D890F7E-45ED-43AB-A105-CA08271B7CA7,,南京江宁万达广场,,,false,1,,,,,,true,1000626,NJJN,1,true,2013-12-21 00:00:00.0,1,true,true,9BCBD779-FF0B-4276-9E05-041C3BC720E3,1,2
AB89D238-F96E-4445-9412-CC6ABAFA98A7,,福州金融街万达广场,,,false,1,,,,,,true,1000272,FZJRJ,2,true,2010-12-22 00:00:00.0,1,true,true,B7C00C2F-A3B6-499D-9916-1BD7FCFC5C54,1,2
6BB19258-3D38-40A1-B09F-CE7EBD20B393,,齐齐哈尔万达广场,,,false,1,,,,,,true,1000906,QQHE,3,true,2015-08-01 00:00:00.0,1,true,true,06BD3893-EF07-4C27-9160-D509DFAD47AF,1,3
0493F09F-1900-4337-A1C5-CEDE41431BDF,,义乌万达广场,,,false,1,,,,,,true,1001118,YW,2,true,2016-09-16 00:00:00.0,,true,false,19051EDB-802A-42CB-8A95-32EE819DEF3B,1,3
D2B21A5E-0215-47A7-A72D-CF7F680543E2,,锦州万达广场,,,false,1,,,,,,true,1001507,JZ,3,true,2017-09-01 00:00:00.0,0,true,true,81773046-3728-43E2-9814-D6DC08106A2B,1,3
CAB84935-B8EA-4D3D-8311-D0B3168C5DBC,,绍兴上虞万达广场,,,false,1,,,,,,true,1001138,SXSY,4,true,2016-11-25 00:00:00.0,0,true,true,CD01C782-E03A-4954-A21F-3916EB3628C9,1,3
37992907-072F-4A76-A369-D2626E4F67C6,,滨州万达广场,,,false,1,,,,,,true,1001152,BZ,4,true,2016-12-30 00:00:00.0,0,true,true,050C4F4E-B43E-4DD5-B640-3FBC75CBB31D,1,3
D016E221-6F5B-4DC0-997F-D37D38780D02,,四川广元万达广场,,,false,1,,,,,,true,1000864,SCGY,2,true,2015-06-05 00:00:00.0,1,true,true,CAC4EC08-0C4D-430D-8570-7F41110EA8FD,1,3
B9B6DEF1-5F0E-4527-A4EA-D456A0D9C89E,,上海宝山万达广场,,,false,1,,,,,,true,1000343,SHBS,1,true,2012-06-29 00:00:00.0,1,true,true,24F2EAC9-6682-4AD9-B95E-7E574E6486EA,1,1
F66E74E8-D095-4C05-BF2E-D4A85BB36492,,泉州城东万达广场,,,false,1,,,,,,true,1001841,QZXGY,2,true,2018-12-22 00:00:00.0,,true,false,,1,3
A91581EF-8B7D-4833-8BED-D4F3D50A69A6,,广州白云万达广场,,,false,1,,,,,,true,1000280,GZBY,1,true,2010-12-17 00:00:00.0,1,true,true,D020CC39-C549-4E3D-8851-5007EAAF1E18,1,1
9C22F0D0-CE63-4658-AC01-D548E2D45660,,丹寨万达小镇,,,false,1,,,,,,true,1001650,DZLYXZ,3,true,2017-06-30 00:00:00.0,0,false,true,,1,3
2386D24C-B1D9-4E18-883A-D7E268860219,,包头青山万达广场,,,false,1,,,,,,true,1000302,BTQS,2,true,2010-11-04 00:00:00.0,1,true,true,51466E42-889E-43DE-ACC0-D794A99E4980,1,3
D8C2A3DA-0DE6-42E3-8BB3-D8E119370DF5,,赤峰万达广场,,,false,1,,,,,,true,1000644,CF,3,true,2014-06-20 00:00:00.0,1,true,true,3DB591E0-9B21-48CD-A81A-7A9BBE600332,1,3
0681AB7E-4BC4-44D9-B7B2-D9DA7B5278DA,,山东泰安万达广场,,,false,1,,,,,,true,1001004,SDTA,3,true,2015-08-21 00:00:00.0,1,true,false,9624AA93-216E-4E20-B2E9-C06A308FA4AE,1,3
4BFCCD57-65F8-4656-A15A-DAD80BDFCD3B,,菏泽万达广场,,,false,1,,,,,,true,1001829,HZ,4,true,2018-11-16 00:00:00.0,,true,false,,1,
4B2C853C-AAD0-45E8-843B-DBDFD4F734A9,,绍兴柯桥万达广场,,,false,1,,,,,,true,1000295,SXKQ,2,true,2010-12-17 00:00:00.0,1,true,true,4D9B9CFE-DA04-4A8D-B297-4FCB81595D81,1,3
51A628E6-CD9D-45E6-B5B8-DC449A1217DF,,四平万达广场,,,false,1,,,,,,true,1001111,SP,4,true,2016-07-01 00:00:00.0,,true,false,5DE84FBA-9D31-4E83-B9C8-226DF86E185A,1,3
ECA7E01C-E7C1-4613-BC6C-DC52FB1AD36C,,辽阳万达广场,,,false,1,,,,,,true,1001139,LY,4,true,2017-07-28 00:00:00.0,0,true,true,82DC640A-8371-49C4-9055-89C8857F9776,1,3
D4B41C01-71B5-48FE-B202-DD8BD7512C34,,蚌埠万达广场,,,false,1,,,,,,true,1000623,BB,2,true,2013-11-29 00:00:00.0,1,true,true,E6B6815E-F741-4765-B06C-400A8981E5DF,1,3
E497270E-E902-4AFF-B0F2-DEAF60EE0940,,北京丰台万达广场,,,false,1,,,,,,true,1001145,BJFT,3,true,2016-12-22 00:00:00.0,,true,false,980F029F-4239-4500-87D6-FE68E5DFD513,1,1
69DAC2E9-BE4A-4B3B-9AE6-E12414858B25,,荆州万达广场,,,false,1,,,,,,true,1000764,JZ,2,true,2014-09-20 00:00:00.0,1,true,true,5B6411E2-409C-4FFE-BF8F-96BF8CD434DC,1,3
2AA54696-9CCD-4995-AD89-E1921D621BDC,,重庆永川万达广场,,,false,1,,,,,,true,1001123,CQYC,4,true,2016-09-16 00:00:00.0,0,true,true,B46F7CB8-6162-4573-95FD-AFBCD0186E8B,1,3
28A9E550-EB1B-46BC-9BFA-E2DDD645D478,,南通通州万达广场,,,false,1,,,,,,true,1001642,NTTZ,4,true,2017-12-15 00:00:00.0,0,true,true,72C777B5-ABEA-4AE9-88A5-193C3C8B48CF,1,3
2E521A03-AFC9-4EE9-9353-E301FFC04810,,中信泰富万达广场,,,false,1,,,,,,true,1001821,ZXTF,4,true,2018-10-01 00:00:00.0,,true,false,,1,
44553000-8C55-4134-8475-E3501626979B,,武威万达广场,,,false,1,,,,,,true,1001823,WW,4,true,2018-10-19 00:00:00.0,,true,false,,1,
AD7D28BB-32E7-4AB0-B565-E38982C83156,,贵港万达广场,,,false,1,,,,,,true,1001846,GG,4,true,2018-12-29 00:00:00.0,,true,false,,1,
B18C2252-449D-44B7-89CA-E663A50A64AE,,绥化万达广场,,,false,1,,,,,,true,1001815,SH,2,true,2018-09-30 00:00:00.0,,true,false,,1,3
FA2CC8A1-A016-4440-BF8C-E7072E1BFF8C,,佛山南海万达广场,,,false,1,,,,,,true,1000706,FSNH,1,true,2014-08-29 00:00:00.0,1,true,true,B2AE8584-27CE-453C-96A4-2D12C2B16B5A,1,2
71B5AFCC-A89A-4110-9B46-E99715AB2094,,西双版纳酒吧街,,,false,1,,,,,,true,1001684,XSBNJBJ,4,true,2015-12-18 00:00:00.0,,true,false,,1,
0B9B5C15-2218-470B-B0E0-EA2AC5A00734,,开封万达广场,,,false,1,,,,,,true,1001831,KF,4,true,2018-09-28 00:00:00.0,,true,false,,1,
FD122012-1BD4-4CB1-B609-EC68522C8189,,呼和浩特万达广场,,,false,1,,,,,,true,1000303,HHHT,1,true,2010-11-05 00:00:00.0,1,true,true,A2557A5E-DB96-4C43-8920-9114EFCD7828,1,2
E864F5DF-C3BA-4DD7-A1E4-EDD2C2E79727,,西安李家村万达广场,,,false,1,,,,,,true,1000293,XALJC,1,true,2008-05-16 00:00:00.0,1,true,true,C7E2C958-7572-44EC-A8CC-0BF85992662D,1,2
6658587C-3168-4F59-B9E3-EE0175EA8097,,许昌万达广场,,,false,1,,,,,,true,1001824,XC,4,true,2018-11-30 00:00:00.0,,true,false,,1,
98592346-0063-4BCB-A34F-EE3BA5E3C00D,,厦门湖里万达广场,,,false,1,,,,,,true,1000267,XMHL,1,true,2011-09-02 00:00:00.0,1,true,true,2F40EBFA-72D0-4EC3-9C6E-A001F34249A7,1,2
7B6B21AB-AB01-485F-8A78-EF4A62FF46F7,,温州平阳万达广场,,,false,1,,,,,,true,1000769,WZPY,4,true,2014-12-06 00:00:00.0,1,true,true,D79C0765-6EA2-4A01-BEBA-ECFE609D58A7,1,2
3BA26A5E-027D-4FCB-B0AC-F0068A558BAE,,上海周浦万达广场,,,false,1,,,,,,true,1000274,SHZP,1,true,2009-09-19 00:00:00.0,1,true,true,215C62E1-E786-437F-A8D4-0E108DDD93BE,1,1
76FA3674-44B4-4C37-9F70-F131B75DEEE6,,合肥万达城酒吧街,,,false,1,,,,,,true,1001664,HFJBJ,4,true,2016-09-24 00:00:00.0,,true,false,,1,
7903C38A-197B-44A5-A00B-F1FE4EF81D9B,,资阳万达广场,,,false,1,,,,,,true,1001107,ZY,4,true,2016-06-17 00:00:00.0,0,true,true,6B16EBCD-BADB-4F43-A0B0-757E21C56662,1,3
82094BD2-B3E2-47EA-8B7C-F24BE305C62F,,蚌埠万达广场室外街二期,,,false,1,,,,,,false,,BB,3,true,2013-11-28 00:00:00.0,1,true,true,,1,3
CD8E3C7C-B911-4E93-AC6D-F2F79E61D3BB,,桂林高新万达广场,,,false,1,,,,,,true,1000924,GLGX,3,true,2015-09-12 00:00:00.0,1,true,false,FFC54DEA-1996-4D62-A761-68707726BDCF,1,3
FD2B790A-4EDF-4294-AD4B-F2FFF2EAFB98,,无锡惠山万达广场,,,false,1,,,,,,true,1000524,WXHS,2,true,2013-06-21 00:00:00.0,1,true,true,042896B5-EAC4-4CDD-9D0E-C5E3694DC20D,1,3
9D6E56D4-9A58-4223-86D7-F4A160D4C622,,南宁万达茂,,,false,1,,,,,,true,1001404,NNWDM,4,true,2017-06-17 00:00:00.0,0,true,false,0F5A83EF-9881-485A-BABD-3C0A3DF21338,1,2
DCDF69D8-BDE9-4738-B87D-F594CD895B80,,兰州城关万达广场,,,false,1,,,,,,true,1000765,LZCG,1,true,2014-10-24 00:00:00.0,1,true,true,9AE959B5-6232-47E6-8855-6087462047D2,1,2
4A190751-3223-4F0B-A387-F5E70978877B,,南京仙林万达茂,,,false,1,,,,,,true,1001809,NJXLWDM,4,true,2018-06-01 00:00:00.0,,true,false,,1,2
F54A257D-671A-4A8C-8452-F7C895A82899,,南昌万达茂广场,,,false,1,,,,,,true,1001164,NCWDMGC,4,true,2016-05-28 00:00:00.0,,true,false,867FF62B-BEB2-4C56-A813-3B2FA01182B2,1,2
2A6EE1AF-275F-4F61-B15D-F7D3C6A16191,,武汉经开万达广场,,,false,1,,,,,,true,1000301,WHJK,1,true,2011-08-27 00:00:00.0,1,true,true,6BDE170A-108D-4812-9E6C-39005D85180B,1,2
C39E4017-C74A-496E-8A1A-F8BE48581231,,鸡西万达广场,,,false,1,,,,,,true,1001112,JX,4,true,2016-07-15 00:00:00.0,,true,false,AC84B89D-C998-4248-AA7F-DAF989AEA3DF,1,3
3C4D1AC4-AD0C-4054-A0FC-F9A9AD8C1EF9,,广州南沙万达广场,,,false,1,,,,,,true,1001015,GZNS,2,true,2015-12-22 00:00:00.0,1,true,false,38075459-960D-488F-B8DD-C919B46FC0BF,1,3
3C166F1F-5D08-4FE0-9E64-F9BED0278879,,清远万达广场,,,false,1,,,,,,true,1001284,QY,3,true,2016-12-29 00:00:00.0,0,true,true,A0E82ED1-223B-409C-A065-10934CA87C99,1,3
157E3A40-68BF-4B89-81D0-FA2312B9E62C,,龙岩万达广场,,,false,1,,,,,,true,1000766,LY,4,true,2014-11-07 00:00:00.0,1,true,true,58A10560-9C55-4D08-9CCA-2F7952E06980,1,3
B25826D9-F6AE-4E45-AF68-FBE75273C6B4,,诸暨万达广场,,,false,1,,,,,,true,1001607,Z*,4,true,2017-08-11 00:00:00.0,0,true,true,EDB6FF5B-C575-4D5B-AA6B-9CF16E28ED34,1,3
EE281913-3C14-4701-A4EE-FC7F6A890F78,,德阳万达广场,,,false,1,,,,,,true,1001125,DY,4,true,2016-09-17 00:00:00.0,0,true,true,C6A15FA4-0F4A-4878-9AD2-32E95D2E513B,1,3
2923D519-7EBB-4531-8DF5-FF4EAF498865,,衡阳万达广场,,,false,1,,,,,,true,1001627,HY,3,true,2017-09-29 00:00:00.0,0,true,true,5751F736-688E-47C2-B9F3-066671D94064,1,3
890372DB-C06B-435B-9044-FF9F947D5E40,,北京丰台西铁营万达广场,,,false,1,,,,,,true,1001644,BJFTXTY,3,true,2017-12-22 00:00:00.0,0,true,false,,1,1
